Individual,SNP,Frequency,CSID,Consensus_level,Variant_fixed,Mutation,Household,CDC_Specimen
3001400102,9979,1,3001400102,Yes,Fixed,C9979T,PR3,N8KA7ZA8
3001400104,9979,0,3001400104,Yes,Fixed,C9979T,PR3,N8KA7ZAK
3001400105,9979,0,3001400105,Yes,Fixed,C9979T,PR3,N8KA7ZAQ
3001400106,9979,0.797424,3001400106,Yes,Variant,C9979T,PR3,N8KA7ZAW
N8KCO7GJ,21366,0,3002328626,Yes,Fixed,A21366G,UT3,N8KA7ZAW
N8KCOC6P,21366,0,3002329851,Yes,Fixed,A21366G,UT3,N8KCOC6P
N8KCP0ZO,21366,0.892857,3002336281,Yes,Variant,A21366G,UT3,N8KCP0ZO
N8KCP10A,21366,0,3002336285,Yes,Fixed,A21366G,UT3,N8KCP10A
N8KCPJQH,21366,0,3002341139,Yes,Fixed,A21366G,UT3,N8KCPJQH
N8KCPJQR,21366,0,3002341141,Yes,Fixed,A21366G,UT3,N8KCPJQR
N8KCITCQ,7336,0,3002292226,Yes,Fixed,T7336C,UT4,N8KCITCQ
N8KCOAXY,7336,0,3002329529,Yes,Fixed,T7336C,UT4,N8KCOAXY
N8KCOZ3F,7336,0,3002335789,Yes,Fixed,T7336C,UT4,N8KCOZ3F
N8KCP3L3,7336,0.651491,3002336953,Yes,Variant,T7336C,UT4,N8KCP3L3
N8KCITCQ,27447,0,3002292226,Yes,Fixed,T27447C,UT4,N8KCITCQ
N8KCOAXY,27447,0.905775,3002329529,Yes,Variant,T27447C,UT4,N8KCOAXY
N8KCOZ3F,27447,0,3002335789,Yes,Fixed,T27447C,UT4,N8KCOZ3F
N8KCP3L3,27447,0,3002336953,Yes,Fixed,T27447C,UT4,N8KCP3L3
3002847555,6548,0.540966,3002847555,Yes,Variant,C6548T,UT12,N8KECR4Q
3002855194,6548,0,3002855194,Yes,Fixed,C6548T,UT12,N8KEDKLR
N8KCOXE3,20062,0.59176,3002335348,Yes,Variant,G20062T,UT5,N8KCOXE3
N8KCOXG2,20062,0,3002335362,Yes,Fixed,G20062T,UT5,N8KCOXG2
3027885095,8644,0.782851,3027885095,Yes,Variant,T8644G,PR2,ZZYRBLBU
3027887948,8644,0.650875,3027887948,Yes,Variant,T8644G,PR2,ZZYRBNJ3
3027894484,8644,0,3027894484,Yes,Fixed,T8644G,PR2,ZZYRBSKN
3027914300,8644,0.818724,3027914300,Yes,Variant,T8644G,PR2,ZZYRC7V3
3027962467,11201,0.306655,3027962467,No,Subconsensus,A11201G,PR5,ZZYRD912
3028258736,11201,0.126356,3028258736,No,Subconsensus,A11201G,PR5,ZZYRJLMR
3027962467,5629,0.827214,3027962467,No,Subconsensus,G5629T,PR5,ZZYRD912
3028258736,5629,0.868852,3028258736,No,Subconsensus,G5629T,PR5,ZZYRJLMR
N8KD4X9T,13372,0.79638,3002454034,No,Subconsensus,C13372T,NY5,N8KD4X9T
N8KD4Z1F,13372,0.787076,3002454492,No,Subconsensus,C13372T,NY5,N8KD4Z1F